seed,precision_step5,recall_step5,f1_step5,shd_step5,precision,recall,f1,shd,n_edges,n_true,n_false,n_pruned,n_pruned_true,acyclic,backdoor_L_num_prb,backdoor_L_sinr_eff
42,0.537,0.917,0.677,21,1.0,0.917,0.957,2,22,22,0,19,0,True,True,True
43,0.55,0.917,0.687,20,1.0,0.917,0.957,2,22,22,0,18,0,True,True,True
44,0.55,0.917,0.687,20,1.0,0.917,0.957,2,22,22,0,18,0,True,True,True
45,0.537,0.917,0.677,21,1.0,0.917,0.957,2,22,22,0,19,0,True,True,True
46,0.579,0.917,0.71,18,1.0,0.917,0.957,2,22,22,0,16,0,True,True,True
47,0.55,0.917,0.687,20,1.0,0.917,0.957,2,22,22,0,18,0,True,True,True
48,0.524,0.917,0.667,22,1.0,0.917,0.957,2,22,22,0,20,0,True,True,True
49,0.564,0.917,0.698,19,1.0,0.917,0.957,2,22,22,0,17,0,True,True,True
50,0.564,0.917,0.698,19,1.0,0.917,0.957,2,22,22,0,17,0,True,True,True
51,0.579,0.917,0.71,18,1.0,0.917,0.957,2,22,22,0,16,0,True,True,True
52,0.564,0.917,0.698,19,1.0,0.917,0.957,2,22,22,0,17,0,True,True,True
53,0.524,0.917,0.667,22,1.0,0.917,0.957,2,22,22,0,20,0,True,True,True
54,0.55,0.917,0.687,20,1.0,0.917,0.957,2,22,22,0,18,0,True,True,True
55,0.524,0.917,0.667,22,1.0,0.917,0.957,2,22,22,0,20,0,True,True,True
56,0.524,0.917,0.667,22,1.0,0.917,0.957,2,22,22,0,20,0,True,True,True
57,0.537,0.917,0.677,21,1.0,0.917,0.957,2,22,22,0,19,0,True,True,True
58,0.537,0.917,0.677,21,1.0,0.917,0.957,2,22,22,0,19,0,True,True,True
59,0.524,0.917,0.667,22,1.0,0.917,0.957,2,22,22,0,20,0,True,True,True
60,0.55,0.917,0.687,20,1.0,0.917,0.957,2,22,22,0,18,0,True,True,True
61,0.537,0.917,0.677,21,1.0,0.917,0.957,2,22,22,0,19,0,True,True,True
62,0.564,0.917,0.698,19,1.0,0.917,0.957,2,22,22,0,17,0,True,True,True
63,0.579,0.917,0.71,18,1.0,0.917,0.957,2,22,22,0,16,0,True,True,True
64,0.524,0.917,0.667,22,1.0,0.917,0.957,2,22,22,0,20,0,True,True,True
65,0.579,0.917,0.71,18,1.0,0.917,0.957,2,22,22,0,16,0,True,True,True
66,0.564,0.917,0.698,19,1.0,0.917,0.957,2,22,22,0,17,0,True,True,True
67,0.524,0.917,0.667,22,1.0,0.917,0.957,2,22,22,0,20,0,True,True,True
68,0.55,0.917,0.687,20,1.0,0.917,0.957,2,22,22,0,18,0,True,True,True
69,0.537,0.917,0.677,21,1.0,0.917,0.957,2,22,22,0,19,0,True,True,True
70,0.564,0.917,0.698,19,1.0,0.917,0.957,2,22,22,0,17,0,True,True,True
71,0.512,0.917,0.657,23,1.0,0.917,0.957,2,22,22,0,21,0,True,True,True
72,0.55,0.917,0.687,20,1.0,0.917,0.957,2,22,22,0,18,0,True,True,True
73,0.537,0.917,0.677,21,1.0,0.917,0.957,2,22,22,0,19,0,True,True,True
74,0.537,0.917,0.677,21,1.0,0.917,0.957,2,22,22,0,19,0,True,True,True
75,0.564,0.917,0.698,19,1.0,0.917,0.957,2,22,22,0,17,0,True,True,True
76,0.524,0.917,0.667,22,1.0,0.917,0.957,2,22,22,0,20,0,True,True,True
77,0.55,0.917,0.687,20,1.0,0.917,0.957,2,22,22,0,18,0,True,True,True
78,0.512,0.917,0.657,23,1.0,0.917,0.957,2,22,22,0,21,0,True,True,True
79,0.55,0.917,0.687,20,1.0,0.917,0.957,2,22,22,0,18,0,True,True,True
80,0.564,0.917,0.698,19,1.0,0.917,0.957,2,22,22,0,17,0,True,True,True
81,0.537,0.917,0.677,21,1.0,0.917,0.957,2,22,22,0,19,0,True,True,True
82,0.55,0.917,0.687,20,1.0,0.917,0.957,2,22,22,0,18,0,True,True,True
83,0.55,0.917,0.687,20,1.0,0.917,0.957,2,22,22,0,18,0,True,True,True
84,0.55,0.917,0.687,20,1.0,0.917,0.957,2,22,22,0,18,0,True,True,True
85,0.579,0.917,0.71,18,1.0,0.917,0.957,2,22,22,0,16,0,True,True,True
86,0.524,0.917,0.667,22,1.0,0.917,0.957,2,22,22,0,20,0,True,True,True
87,0.537,0.917,0.677,21,1.0,0.917,0.957,2,22,22,0,19,0,True,True,True
88,0.5,0.917,0.647,24,1.0,0.917,0.957,2,22,22,0,22,0,True,True,True
89,0.55,0.917,0.687,20,1.0,0.917,0.957,2,22,22,0,18,0,True,True,True
90,0.579,0.917,0.71,18,1.0,0.917,0.957,2,22,22,0,16,0,True,True,True
91,0.55,0.917,0.687,20,1.0,0.917,0.957,2,22,22,0,18,0,True,True,True
