stratum,n,mean_effect,query,graph
xi_sf<-7,16,6.508635336781544,CF-1,true
-7..-3,19,8.22203043153321,CF-1,true
-3..3,71,9.378925896335172,CF-1,true
3..7,35,9.615061005648279,CF-1,true
>7,34,11.393927497343665,CF-1,true
xi_hw<-1.5,69,2.677697874037925,CF-2,true
-1.5..-0.5,33,0.4265657465589695,CF-2,true
-0.5..0.5,14,0.2708819131061468,CF-2,true
0.5..1.5,3,0.0,CF-2,true
>1.5,2,-4.698357053772333,CF-2,true
xi_sf<-5 (channel-limited),36,0.030535776143386532,CF-3,true
-5..5,68,2.156437072748613,CF-3,true
>+5 (PRB-limited),10,6.362239032709918,CF-3,true
xi_sf<-7,17,5.428112613233164,CF-1,recovered
-7..-3,28,7.376695793187458,CF-1,recovered
-3..3,64,10.690480628088208,CF-1,recovered
3..7,36,8.897316967244816,CF-1,recovered
>7,30,11.562052822737865,CF-1,recovered
xi_hw<-1.5,69,2.677697874037925,CF-2,recovered
-1.5..-0.5,33,0.4265657465589695,CF-2,recovered
-0.5..0.5,14,0.2708819131061468,CF-2,recovered
0.5..1.5,3,0.0,CF-2,recovered
>1.5,2,-4.698357053772333,CF-2,recovered
xi_sf<-5 (channel-limited),40,0.09600613228826474,CF-3,recovered
-5..5,65,2.361270354996552,CF-3,recovered
>+5 (PRB-limited),9,6.004064538762255,CF-3,recovered
